"Status","Category","Calculator Name","Formula","Example","Post Caption","Hashtags","Image URL","date_generated","",""
"done","Date","Date Calculator","Days between = end date minus start date (counting every calendar day)","Jan 1 to Sep 1 = 243 days apart","Planning a project deadline or counting down to a milestone? Find the exact number of days between any two dates in seconds. Try it free at calculations.tools","#datecalculator #countdown #planning #projectmanagement #timemanagement #calendar #deadline #productivity #calculationstools #scheduling","https://calculations-image-generator.vercel.app/api/og?category=Date&calculator=Date%20Calculator&formula=Days%20between%20%3D%20end%20date%20minus%20start%20date%20%28counting%20every%20calendar%20day%29&example=Jan%201%20to%20Sep%201%20%3D%20243%20days%20apart","","",""
"done","Date","Date Calculator","Future date = start date plus number of days added","March 10 + 45 days = April 24","Need to know what date lands 45 days from a contract signing? Add any number of days to a start date and get the exact result instantly. Try it free at calculations.tools","#datecalculator #contracts #deadline #businessmath #calendar #scheduling #productivity #calculationstools #planning #datetools","https://calculations-image-generator.vercel.app/api/og?category=Date&calculator=Date%20Calculator&formula=Future%20date%20%3D%20start%20date%20plus%20number%20of%20days%20added&example=March%2010%20%2B%2045%20days%20%3D%20April%2024","","",""
"done","Date","Date Calculator","Past date = start date minus number of days","July 16 minus 60 days = May 17","Working backwards from a deadline? Subtract any number of days from a reference date to pinpoint the exact start you need. Try it free at calculations.tools","#datecalculator #deadline #planning #calendar #timemanagement #scheduling #businessmath #productivity #calculationstools #datenmath","https://calculations-image-generator.vercel.app/api/og?category=Date&calculator=Date%20Calculator&formula=Past%20date%20%3D%20start%20date%20minus%20number%20of%20days&example=July%2016%20minus%2060%20days%20%3D%20May%2017","","",""
"done","Date","Date Calculator","Days remaining = target date minus today","Days until Dec 31 from July 16 = 168 days","Counting the days until your holiday, launch, or event? Subtract today from your target date for an instant countdown. Try it free at calculations.tools","#datecalculator #countdown #eventplanning #launch #holiday #timemanagement #planning #productivity #calculationstools #daysuntil","https://calculations-image-generator.vercel.app/api/og?category=Date&calculator=Date%20Calculator&formula=Days%20remaining%20%3D%20target%20date%20minus%20today&example=Days%20until%20Dec%2031%20from%20July%2016%20%3D%20168%20days","","",""
"done","Conversion","Case Converter","Lowercase: convert every character to its lowercase equivalent","""HELLO WORLD"" becomes ""hello world""","Need all-lowercase text for a database field or URL slug? Paste any string and convert every letter to lowercase in one click. Try it free at calculations.tools","#caseconverter #texttools #developer #coding #database #urlslug #productivity #dataprocessing #calculationstools #techtools","https://calculations-image-generator.vercel.app/api/og?category=Conversion&calculator=Case%20Converter&formula=Lowercase%3A%20convert%20every%20character%20to%20its%20lowercase%20equivalent&example=%22HELLO%20WORLD%22%20becomes%20%22hello%20world%22","","",""
"done","Conversion","Case Converter","UPPERCASE: transform every letter to its capital equivalent","""hello world"" becomes ""HELLO WORLD""","Need ALL CAPS for an acronym, design element, or emphasis? Paste your text and convert the entire string to uppercase instantly. Try it free at calculations.tools","#caseconverter #uppercase #design #typography #copywriting #texttools #contentcreation #calculationstools #productivity #editing","https://calculations-image-generator.vercel.app/api/og?category=Conversion&calculator=Case%20Converter&formula=UPPERCASE%3A%20transform%20every%20letter%20to%20its%20capital%20equivalent&example=%22hello%20world%22%20becomes%20%22HELLO%20WORLD%22","","",""
"done","Conversion","Case Converter","Title Case: capitalize the first letter of each significant word","""the quick brown fox"" becomes ""The Quick Brown Fox""","Writing a blog headline or book title? Title Case capitalizes every major word and keeps articles and prepositions lowercase. Convert in one click. Try it free at calculations.tools","#caseconverter #titlecase #blogging #writing #seo #headline #contentcreation #editingtools #calculationstools #writingtips","https://calculations-image-generator.vercel.app/api/og?category=Conversion&calculator=Case%20Converter&formula=Title%20Case%3A%20capitalize%20the%20first%20letter%20of%20each%20significant%20word&example=%22the%20quick%20brown%20fox%22%20becomes%20%22The%20Quick%20Brown%20Fox%22","","",""
"done","Conversion","Case Converter","camelCase: remove spaces and capitalize each word after the first","""customer order id"" becomes ""customerOrderId""","Writing JavaScript variables or API field names? Convert plain English phrases to camelCase in one click. No manual editing needed. Try it free at calculations.tools","#caseconverter #camelcase #javascript #coding #developer #api #programming #codetools #calculationstools #devtips","https://calculations-image-generator.vercel.app/api/og?category=Conversion&calculator=Case%20Converter&formula=camelCase%3A%20remove%20spaces%20and%20capitalize%20each%20word%20after%20the%20first&example=%22customer%20order%20id%22%20becomes%20%22customerOrderId%22","","",""
"done","Conversion","Word Counter","Word count = number of whitespace-separated tokens in the text","""The quick brown fox jumps"" = 5 words / 26 characters","Need an exact word count for your essay, article, or social post? Paste your text and get an instant word and character count. Know exactly where you stand. Try it free at calculations.tools","#wordcounter #writing #essaywriting #contentcreation #blogging #wordcount #studentlife #productivity #calculationstools #writingtools","https://calculations-image-generator.vercel.app/api/og?category=Conversion&calculator=Word%20Counter&formula=Word%20count%20%3D%20number%20of%20whitespace-separated%20tokens%20in%20the%20text&example=%22The%20quick%20brown%20fox%20jumps%22%20%3D%205%20words%20/%2026%20characters","","",""
"done","Conversion","Word Counter","Estimated reading time = word count / 200 (average adult reading speed in wpm)","1200 words / 200 = 6 minutes reading time","Wondering how long your article will take to read? Divide your word count by 200 to estimate average reading time. Useful for setting reader expectations before you publish. Try it free at calculations.tools","#wordcounter #readingtime #contentmarketing #blogging #seo #writing #contentcreation #calculator #calculationstools #writingtips","https://calculations-image-generator.vercel.app/api/og?category=Conversion&calculator=Word%20Counter&formula=Estimated%20reading%20time%20%3D%20word%20count%20/%20200%20%28average%20adult%20reading%20speed%20in%20wpm%29&example=1200%20words%20/%20200%20%3D%206%20minutes%20reading%20time","","",""
"done","Conversion","Fahrenheit to Celsius Converter","C = (F - 32) x 5/9","98.6 F: (98.6 - 32) x 5/9 = 37 C (normal body temperature)","Traveling to a metric country and confused by the temperature? Subtract 32 then multiply by 5/9 to convert Fahrenheit to Celsius. 98.6 F is exactly 37 C. Try it free at calculations.tools","#fahrenheittocelsius #temperatureconversion #travel #science #metric #math #calculator #unitconversion #calculationstools #stemmath","https://calculations-image-generator.vercel.app/api/og?category=Conversion&calculator=Fahrenheit%20to%20Celsius%20Converter&formula=C%20%3D%20%28F%20-%2032%29%20x%205/9&example=98.6%20F%3A%20%2898.6%20-%2032%29%20x%205/9%20%3D%2037%20C%20%28normal%20body%20temperature%29","","",""
"done","Conversion","Celsius to Kelvin Converter","K = C + 273.15","100 C + 273.15 = 373.15 K (boiling point of water)","Working in a chemistry or physics lab? Convert Celsius to Kelvin by adding 273.15. Water boils at exactly 373.15 K. Try it free at calculations.tools","#celsiustokelvin #science #physics #chemistry #stem #labmath #temperature #unitconversion #calculationstools #mathhelp","https://calculations-image-generator.vercel.app/api/og?category=Conversion&calculator=Celsius%20to%20Kelvin%20Converter&formula=K%20%3D%20C%20%2B%20273.15&example=100%20C%20%2B%20273.15%20%3D%20373.15%20K%20%28boiling%20point%20of%20water%29","","",""
"done","Conversion","Kelvin to Celsius Converter","C = K - 273.15","0 K - 273.15 = -273.15 C (absolute zero)","Converting Kelvin back to Celsius? Just subtract 273.15. Absolute zero is 0 K and -273.15 C simultaneously. Try it free at calculations.tools","#kelvintocelsius #science #physics #chemistry #stem #unitconversion #temperaturemath #labtools #calculationstools #mathhelp","https://calculations-image-generator.vercel.app/api/og?category=Conversion&calculator=Kelvin%20to%20Celsius%20Converter&formula=C%20%3D%20K%20-%20273.15&example=0%20K%20-%20273.15%20%3D%20-273.15%20C%20%28absolute%20zero%29","","",""
"done","Conversion","Fahrenheit to Kelvin Converter","K = (F - 32) x 5/9 + 273.15","212 F: (212 - 32) x 5/9 + 273.15 = 373.15 K","Need Fahrenheit in Kelvin for a thermodynamics problem? Subtract 32, multiply by 5/9, then add 273.15. Boiling water at 212 F equals exactly 373.15 K. Try it free at calculations.tools","#fahrenheittokelvin #science #physics #chemistry #thermodynamics #stem #temperature #unitconversion #calculationstools #mathhelp","https://calculations-image-generator.vercel.app/api/og?category=Conversion&calculator=Fahrenheit%20to%20Kelvin%20Converter&formula=K%20%3D%20%28F%20-%2032%29%20x%205/9%20%2B%20273.15&example=212%20F%3A%20%28212%20-%2032%29%20x%205/9%20%2B%20273.15%20%3D%20373.15%20K","","",""
"done","Conversion","Kelvin to Fahrenheit Converter","F = (K - 273.15) x 9/5 + 32","300 K: (300 - 273.15) x 1.8 + 32 = 80.33 F","Got a temperature reading in Kelvin and need Fahrenheit? Subtract 273.15, multiply by 1.8, then add 32. 300 K is a comfortable 80 degrees Fahrenheit. Try it free at calculations.tools","#kelvintofahrenheit #science #physics #chemistry #stem #temperature #unitconversion #math #calculator #calculationstools","https://calculations-image-generator.vercel.app/api/og?category=Conversion&calculator=Kelvin%20to%20Fahrenheit%20Converter&formula=F%20%3D%20%28K%20-%20273.15%29%20x%209/5%20%2B%2032&example=300%20K%3A%20%28300%20-%20273.15%29%20x%201.8%20%2B%2032%20%3D%2080.33%20F","","",""
"done","Conversion","Currency Converter","Converted amount = original amount x live mid-market exchange rate","500 USD x 0.92 EUR/USD rate = 460 EUR","Traveling or sending money abroad? Get the live mid-market rate and convert any currency pair instantly with no hidden markup. Try it free at calculations.tools","#currencyconverter #forex #travel #exchange #money #finance #conversion #internationalmoney #calculationstools #liverate","https://calculations-image-generator.vercel.app/api/og?category=Conversion&calculator=Currency%20Converter&formula=Converted%20amount%20%3D%20original%20amount%20x%20live%20mid-market%20exchange%20rate&example=500%20USD%20x%200.92%20EUR/USD%20rate%20%3D%20460%20EUR","","",""
"done","Conversion","Currency Converter","Exchange rate = price of one currency expressed in another currency","1 GBP = 1.27 USD: convert 200 GBP = 200 x 1.27 = 254 USD","Shopping from a UK store and need to know the USD cost? Multiply by the live GBP/USD rate for an instant answer. Try it free at calculations.tools","#currencyconverter #gbpusd #forex #travel #finance #exchange #shopping #conversion #calculationstools #money","https://calculations-image-generator.vercel.app/api/og?category=Conversion&calculator=Currency%20Converter&formula=Exchange%20rate%20%3D%20price%20of%20one%20currency%20expressed%20in%20another%20currency&example=1%20GBP%20%3D%201.27%20USD%3A%20convert%20200%20GBP%20%3D%20200%20x%201.27%20%3D%20254%20USD","","",""
"done","Conversion","mph to km/h Converter","1 mph = 1.60934 km/h; multiply mph by 1.60934","70 mph x 1.60934 = 112.65 km/h (highway speed limit)","Renting a car in Europe and confused by km/h speed limits? Multiply mph by 1.60934 for an instant conversion. 70 mph is 112.65 km/h. Try it free at calculations.tools","#mphtokmh #speedconverter #travel #driving #unitconversion #math #calculator #roadsafety #calculationstools #conversion","https://calculations-image-generator.vercel.app/api/og?category=Conversion&calculator=mph%20to%20km/h%20Converter&formula=1%20mph%20%3D%201.60934%20km/h%3B%20multiply%20mph%20by%201.60934&example=70%20mph%20x%201.60934%20%3D%20112.65%20km/h%20%28highway%20speed%20limit%29","","",""
"done","Conversion","Knots to mph Converter","1 knot = 1.15078 mph; multiply knots by 1.15078","20 knots x 1.15078 = 23.02 mph (typical sailboat speed)","Sailing or tracking a vessel and need speed in miles per hour? Multiply knots by 1.15078 for the exact mph equivalent. Try it free at calculations.tools","#knotstomph #sailing #boating #speedconverter #nautical #unitconversion #math #calculator #calculationstools #marine","https://calculations-image-generator.vercel.app/api/og?category=Conversion&calculator=Knots%20to%20mph%20Converter&formula=1%20knot%20%3D%201.15078%20mph%3B%20multiply%20knots%20by%201.15078&example=20%20knots%20x%201.15078%20%3D%2023.02%20mph%20%28typical%20sailboat%20speed%29","","",""
"done","Conversion","Knots to km/h Converter","1 knot = 1.852 km/h; multiply knots by 1.852","25 knots x 1.852 = 46.3 km/h (cruise ship deck speed)","Need a vessel's speed in km/h? Multiply knots by the exact factor of 1.852 for an instant metric result. Try it free at calculations.tools","#knotstokmh #sailing #nautical #speedconverter #aviation #unitconversion #math #calculator #calculationstools #marine","https://calculations-image-generator.vercel.app/api/og?category=Conversion&calculator=Knots%20to%20km/h%20Converter&formula=1%20knot%20%3D%201.852%20km/h%3B%20multiply%20knots%20by%201.852&example=25%20knots%20x%201.852%20%3D%2046.3%20km/h%20%28cruise%20ship%20deck%20speed%29","","",""
"done","Conversion","m/s to km/h Converter","km/h = m/s x 3.6","15 m/s x 3.6 = 54 km/h (sprinting speed of a cheetah for scale)","Physics problem giving you speed in m/s? Multiply by 3.6 to convert to km/h instantly. Used in science and engineering daily. Try it free at calculations.tools","#mstokmh #physics #science #speedconverter #engineering #unitconversion #math #calculator #calculationstools #stem","https://calculations-image-generator.vercel.app/api/og?category=Conversion&calculator=m/s%20to%20km/h%20Converter&formula=km/h%20%3D%20m/s%20x%203.6&example=15%20m/s%20x%203.6%20%3D%2054%20km/h%20%28sprinting%20speed%20of%20a%20cheetah%20for%20scale%29","","",""
"done","Conversion","m/s to mph Converter","1 m/s = 2.23694 mph; multiply m/s by 2.23694","10 m/s x 2.23694 = 22.37 mph (brisk running pace)","Tracking sprint or wind speed data in m/s and need mph? Multiply by 2.23694 for the instant imperial equivalent. Try it free at calculations.tools","#mstomph #speedconverter #physics #science #windspeed #athletics #unitconversion #math #calculator #calculationstools","https://calculations-image-generator.vercel.app/api/og?category=Conversion&calculator=m/s%20to%20mph%20Converter&formula=1%20m/s%20%3D%202.23694%20mph%3B%20multiply%20m/s%20by%202.23694&example=10%20m/s%20x%202.23694%20%3D%2022.37%20mph%20%28brisk%20running%20pace%29","","",""
"done","Conversion","ft/s to mph Converter","1 ft/s = 0.681818 mph; multiply ft/s by 0.681818","88 ft/s x 0.681818 = 60 mph (classic physics class example)","Working in feet per second for a physics or engineering problem? Multiply ft/s by 0.681818 to convert to mph. 88 ft/s equals exactly 60 mph. Try it free at calculations.tools","#ftpersecondtomph #speedconverter #physics #engineering #unitconversion #math #calculator #stem #calculationstools #conversion","https://calculations-image-generator.vercel.app/api/og?category=Conversion&calculator=ft/s%20to%20mph%20Converter&formula=1%20ft/s%20%3D%200.681818%20mph%3B%20multiply%20ft/s%20by%200.681818&example=88%20ft/s%20x%200.681818%20%3D%2060%20mph%20%28classic%20physics%20class%20example%29","","",""
"done","Conversion","Feet to Meters Converter","1 ft = 0.3048 m; multiply feet by 0.3048","6 ft x 0.3048 = 1.8288 m (average adult male height)","Need to express a height or measurement in metric for an international project? Multiply feet by 0.3048 for the exact meter equivalent. Try it free at calculations.tools","#feettometers #unitconversion #metric #imperial #measurement #math #calculator #engineering #calculationstools #construction","https://calculations-image-generator.vercel.app/api/og?category=Conversion&calculator=Feet%20to%20Meters%20Converter&formula=1%20ft%20%3D%200.3048%20m%3B%20multiply%20feet%20by%200.3048&example=6%20ft%20x%200.3048%20%3D%201.8288%20m%20%28average%20adult%20male%20height%29","","",""
"done","Conversion","Inches to Centimeters Converter","1 in = 2.54 cm; multiply inches by 2.54","10 in x 2.54 = 25.4 cm (standard ruler length)","Ordering clothing from an overseas retailer that uses centimeters? Multiply your inch measurement by 2.54 for a precise fit every time. Try it free at calculations.tools","#inchestocentimeters #unitconversion #metric #imperial #shopping #clothing #measurement #math #calculator #calculationstools","https://calculations-image-generator.vercel.app/api/og?category=Conversion&calculator=Inches%20to%20Centimeters%20Converter&formula=1%20in%20%3D%202.54%20cm%3B%20multiply%20inches%20by%202.54&example=10%20in%20x%202.54%20%3D%2025.4%20cm%20%28standard%20ruler%20length%29","","",""
"done","Conversion","Centimeters to Inches Converter","1 cm = 0.393701 in; multiply cm by 0.393701","30 cm x 0.393701 = 11.81 in (standard ruler in imperial)","Got a measurement in centimeters and need inches for a US project? Multiply by 0.393701 for the exact inch equivalent. Try it free at calculations.tools","#centimeterstoinches #unitconversion #metric #imperial #measurement #diy #homeimprovement #math #calculator #calculationstools","https://calculations-image-generator.vercel.app/api/og?category=Conversion&calculator=Centimeters%20to%20Inches%20Converter&formula=1%20cm%20%3D%200.393701%20in%3B%20multiply%20cm%20by%200.393701&example=30%20cm%20x%200.393701%20%3D%2011.81%20in%20%28standard%20ruler%20in%20imperial%29","","",""
"done","Conversion","Kilometers to Miles Converter","1 km = 0.621371 mi; multiply km by 0.621371","10 km x 0.621371 = 6.21 mi (a popular race distance)","Training for a 10k race and comparing notes with a friend using miles? Multiply km by 0.621371 for the exact mile distance. Try it free at calculations.tools","#kilometerstomiles #unitconversion #running #fitness #travel #metric #imperial #math #calculator #calculationstools","https://calculations-image-generator.vercel.app/api/og?category=Conversion&calculator=Kilometers%20to%20Miles%20Converter&formula=1%20km%20%3D%200.621371%20mi%3B%20multiply%20km%20by%200.621371&example=10%20km%20x%200.621371%20%3D%206.21%20mi%20%28a%20popular%20race%20distance%29","","",""
"done","Conversion","Miles to Kilometers Converter","1 mi = 1.60934 km; multiply miles by 1.60934","26.2 mi x 1.60934 = 42.16 km (marathon distance)","Heading to Europe and need to convert your mileage markers? Multiply miles by 1.60934 for the km equivalent. A marathon is 42.16 km. Try it free at calculations.tools","#milestokilometers #unitconversion #travel #running #marathon #metric #imperial #math #calculator #calculationstools","https://calculations-image-generator.vercel.app/api/og?category=Conversion&calculator=Miles%20to%20Kilometers%20Converter&formula=1%20mi%20%3D%201.60934%20km%3B%20multiply%20miles%20by%201.60934&example=26.2%20mi%20x%201.60934%20%3D%2042.16%20km%20%28marathon%20distance%29","","",""
"done","Conversion","Yards to Meters Converter","1 yd = 0.9144 m; multiply yards by 0.9144","100 yd x 0.9144 = 91.44 m (American football field length)","Comparing athletic stats across different measurement systems? Multiply yards by 0.9144 to convert to meters precisely. Try it free at calculations.tools","#yardstometers #unitconversion #sports #athletics #measurement #metric #imperial #math #calculator #calculationstools","https://calculations-image-generator.vercel.app/api/og?category=Conversion&calculator=Yards%20to%20Meters%20Converter&formula=1%20yd%20%3D%200.9144%20m%3B%20multiply%20yards%20by%200.9144&example=100%20yd%20x%200.9144%20%3D%2091.44%20m%20%28American%20football%20field%20length%29","","",""
"done","Conversion","Meters to Yards Converter","1 m = 1.09361 yd; multiply meters by 1.09361","100 m x 1.09361 = 109.36 yd (the Olympic sprint distance)","The 100 meter sprint is 109.36 yards. Converting meters to yards is as simple as multiplying by 1.09361. Try it free at calculations.tools","#meterstoyards #unitconversion #athletics #sports #measurement #metric #imperial #math #calculator #calculationstools","https://calculations-image-generator.vercel.app/api/og?category=Conversion&calculator=Meters%20to%20Yards%20Converter&formula=1%20m%20%3D%201.09361%20yd%3B%20multiply%20meters%20by%201.09361&example=100%20m%20x%201.09361%20%3D%20109.36%20yd%20%28the%20Olympic%20sprint%20distance%29","","",""
"done","Conversion","Centimeters to Feet Converter","cm to ft = cm / 30.48","170 cm / 30.48 = 5.577 ft (about 5 ft 7 in)","Got a height in centimeters and need feet for a US form? Divide by 30.48 for the precise foot value. 170 cm is roughly 5 ft 7 in. Try it free at calculations.tools","#centimeterstofeet #unitconversion #height #measurement #metric #imperial #math #calculator #calculationstools #quickmath","https://calculations-image-generator.vercel.app/api/og?category=Conversion&calculator=Centimeters%20to%20Feet%20Converter&formula=cm%20to%20ft%20%3D%20cm%20/%2030.48&example=170%20cm%20/%2030.48%20%3D%205.577%20ft%20%28about%205%20ft%207%20in%29","","",""
"done","Conversion","Feet to Centimeters Converter","1 ft = 30.48 cm; multiply feet by 30.48","5 ft 11 in = 71 in x 2.54 = 180.34 cm","Need to fill in a height in centimeters on an international health form? Multiply your feet by 30.48 and add inches times 2.54. Try it free at calculations.tools","#feettoCentimeters #unitconversion #height #measurement #metric #imperial #math #calculator #calculationstools #healthmath","https://calculations-image-generator.vercel.app/api/og?category=Conversion&calculator=Feet%20to%20Centimeters%20Converter&formula=1%20ft%20%3D%2030.48%20cm%3B%20multiply%20feet%20by%2030.48&example=5%20ft%2011%20in%20%3D%2071%20in%20x%202.54%20%3D%20180.34%20cm","","",""
"done","Conversion","Millimeters to Inches Converter","1 mm = 0.0393701 in; multiply mm by 0.0393701","25.4 mm = exactly 1 in (by definition)","Working in millimeters and need inches for a precision machining spec? Multiply mm by 0.0393701. There are exactly 25.4 mm in one inch. Try it free at calculations.tools","#millimeterstoinches #unitconversion #engineering #manufacturing #precision #metric #imperial #measurement #calculationstools #tools","https://calculations-image-generator.vercel.app/api/og?category=Conversion&calculator=Millimeters%20to%20Inches%20Converter&formula=1%20mm%20%3D%200.0393701%20in%3B%20multiply%20mm%20by%200.0393701&example=25.4%20mm%20%3D%20exactly%201%20in%20%28by%20definition%29","","",""
"done","Conversion","Inches to Millimeters Converter","1 in = 25.4 mm; multiply inches by 25.4","3 in x 25.4 = 76.2 mm (bolt length conversion)","Converting bolt or drill-bit sizes from inches to millimeters? Multiply by 25.4 for an exact result every time. Try it free at calculations.tools","#inchestomillimeters #unitconversion #engineering #manufacturing #precision #technical #math #calculator #calculationstools #quickmath","https://calculations-image-generator.vercel.app/api/og?category=Conversion&calculator=Inches%20to%20Millimeters%20Converter&formula=1%20in%20%3D%2025.4%20mm%3B%20multiply%20inches%20by%2025.4&example=3%20in%20x%2025.4%20%3D%2076.2%20mm%20%28bolt%20length%20conversion%29","","",""
"done","Conversion","Feet to Inches Converter","1 ft = 12 in; multiply feet by 12","4.5 ft x 12 = 54 in (child height in inches)","Need a measurement expressed entirely in inches rather than feet? Multiply feet by 12. Simple, exact, and instant. Try it free at calculations.tools","#feettoinches #unitconversion #measurement #math #calculator #construction #diy #homeimprovement #calculationstools #quickmath","https://calculations-image-generator.vercel.app/api/og?category=Conversion&calculator=Feet%20to%20Inches%20Converter&formula=1%20ft%20%3D%2012%20in%3B%20multiply%20feet%20by%2012&example=4.5%20ft%20x%2012%20%3D%2054%20in%20%28child%20height%20in%20inches%29","","",""
"done","Conversion","Inches to Feet Converter","in to ft = inches / 12","66 in / 12 = 5.5 ft (5 ft 6 in)","Got a height or measurement in inches and need feet? Divide by 12 for the foot equivalent. 66 inches is exactly 5.5 feet. Try it free at calculations.tools","#inchestofeet #unitconversion #measurement #math #calculator #construction #woodworking #diy #calculationstools #quickmath","https://calculations-image-generator.vercel.app/api/og?category=Conversion&calculator=Inches%20to%20Feet%20Converter&formula=in%20to%20ft%20%3D%20inches%20/%2012&example=66%20in%20/%2012%20%3D%205.5%20ft%20%285%20ft%206%20in%29","","",""
"done","Conversion","Millimeters to Centimeters Converter","1 cm = 10 mm; divide mm by 10","85 mm / 10 = 8.5 cm (width of a credit card)","Converting millimeters to centimeters for a technical drawing? Just divide by 10. 85 mm is exactly 8.5 cm. Try it free at calculations.tools","#millimeterstocentimeters #unitconversion #engineering #precision #diy #measurement #math #calculator #calculationstools #quickmath","https://calculations-image-generator.vercel.app/api/og?category=Conversion&calculator=Millimeters%20to%20Centimeters%20Converter&formula=1%20cm%20%3D%2010%20mm%3B%20divide%20mm%20by%2010&example=85%20mm%20/%2010%20%3D%208.5%20cm%20%28width%20of%20a%20credit%20card%29","","",""
"done","Conversion","Centimeters to Millimeters Converter","1 cm = 10 mm; multiply cm by 10","5.4 cm x 10 = 54 mm (screw thread measurement)","Need a centimeter value in millimeters for a precision spec or technical drawing? Multiply by 10 for an exact result. Try it free at calculations.tools","#centimeterstomillimeters #unitconversion #engineering #precision #technical #measurement #math #calculator #calculationstools #quickmath","https://calculations-image-generator.vercel.app/api/og?category=Conversion&calculator=Centimeters%20to%20Millimeters%20Converter&formula=1%20cm%20%3D%2010%20mm%3B%20multiply%20cm%20by%2010&example=5.4%20cm%20x%2010%20%3D%2054%20mm%20%28screw%20thread%20measurement%29","","",""
"done","Conversion","Kilograms to Pounds Converter","1 kg = 2.20462 lbs; multiply kg by 2.20462","100 kg x 2.20462 = 220.46 lbs (powerlifting milestone weight)","Tracking a fitness milestone in kilograms and want to know the pound equivalent? Multiply by 2.20462 for an instant result. 100 kg is 220.46 lbs. Try it free at calculations.tools","#kilogramstopounds #weightconverter #fitness #healthmath #metric #imperial #weightloss #gym #calculationstools #conversion","https://calculations-image-generator.vercel.app/api/og?category=Conversion&calculator=Kilograms%20to%20Pounds%20Converter&formula=1%20kg%20%3D%202.20462%20lbs%3B%20multiply%20kg%20by%202.20462&example=100%20kg%20x%202.20462%20%3D%20220.46%20lbs%20%28powerlifting%20milestone%20weight%29","","",""
"done","Conversion","Pounds to Kilograms Converter","1 lb = 0.453592 kg; multiply lbs by 0.453592","135 lbs x 0.453592 = 61.24 kg (common barbell squat weight)","Following a gym program that uses kilograms but you know your weight in pounds? Multiply lbs by 0.453592 for the exact kg result. Try it free at calculations.tools","#poundstokilograms #weightconverter #gym #strengthtraining #fitness #metric #imperial #measurement #calculationstools #conversion","https://calculations-image-generator.vercel.app/api/og?category=Conversion&calculator=Pounds%20to%20Kilograms%20Converter&formula=1%20lb%20%3D%200.453592%20kg%3B%20multiply%20lbs%20by%200.453592&example=135%20lbs%20x%200.453592%20%3D%2061.24%20kg%20%28common%20barbell%20squat%20weight%29","","",""
"done","Conversion","Grams to Ounces Converter","1 g = 0.035274 oz; multiply grams by 0.035274","250 g x 0.035274 = 8.82 oz (one standard stick of butter in the US)","Following a European baking recipe and need ounces for a US kitchen scale? Multiply grams by 0.035274 for the exact ounce measurement. Try it free at calculations.tools","#gramstoounces #cooking #baking #recipe #measurement #metricconversion #kitchen #food #calculationstools #cheflife","https://calculations-image-generator.vercel.app/api/og?category=Conversion&calculator=Grams%20to%20Ounces%20Converter&formula=1%20g%20%3D%200.035274%20oz%3B%20multiply%20grams%20by%200.035274&example=250%20g%20x%200.035274%20%3D%208.82%20oz%20%28one%20standard%20stick%20of%20butter%20in%20the%20US%29","","",""
"done","Conversion","Ounces to Grams Converter","1 oz = 28.3495 g; multiply oz by 28.3495","12 oz x 28.3495 = 340.19 g (standard can of soda weight)","Baking from an American recipe but your kitchen scale shows grams? Multiply ounces by 28.3495 to convert instantly. Try it free at calculations.tools","#ouncestograms #cooking #baking #recipe #measurement #metricconversion #kitchen #food #calculationstools #homechef","https://calculations-image-generator.vercel.app/api/og?category=Conversion&calculator=Ounces%20to%20Grams%20Converter&formula=1%20oz%20%3D%2028.3495%20g%3B%20multiply%20oz%20by%2028.3495&example=12%20oz%20x%2028.3495%20%3D%20340.19%20g%20%28standard%20can%20of%20soda%20weight%29","","",""
"done","Conversion","Kilograms to Grams Converter","1 kg = 1000 g; multiply kg by 1000","1.5 kg x 1000 = 1500 g (bag of flour in metric units)","Baking or measuring ingredients and need to switch kilograms to grams? Just multiply by 1000. Precise and instant every time. Try it free at calculations.tools","#kilogramstograms #cooking #baking #measurement #metric #unitconversion #math #calculator #calculationstools #kitchenmath","https://calculations-image-generator.vercel.app/api/og?category=Conversion&calculator=Kilograms%20to%20Grams%20Converter&formula=1%20kg%20%3D%201000%20g%3B%20multiply%20kg%20by%201000&example=1.5%20kg%20x%201000%20%3D%201500%20g%20%28bag%20of%20flour%20in%20metric%20units%29","","",""
"done","Conversion","Grams to Kilograms Converter","1 kg = 1000 g; divide grams by 1000","750 g / 1000 = 0.75 kg (three-quarter kilo of pasta)","Dealing with a large gram measurement and want kilograms? Divide by 1000. Clean and easy for cooking or lab work. Try it free at calculations.tools","#gramstokilograms #cooking #science #measurement #metric #unitconversion #math #calculator #calculationstools #labmath","https://calculations-image-generator.vercel.app/api/og?category=Conversion&calculator=Grams%20to%20Kilograms%20Converter&formula=1%20kg%20%3D%201000%20g%3B%20divide%20grams%20by%201000&example=750%20g%20/%201000%20%3D%200.75%20kg%20%28three-quarter%20kilo%20of%20pasta%29","","",""
"done","Conversion","Pounds to Ounces Converter","1 lb = 16 oz; multiply pounds by 16","2.5 lbs x 16 = 40 oz (small dumbbell weight in ounces)","Need a weight in ounces rather than pounds? Multiply pounds by 16 for the exact ounce equivalent. Useful for cooking and shipping. Try it free at calculations.tools","#poundstoounces #unitconversion #cooking #baking #shipping #measurement #math #calculator #calculationstools #quickmath","https://calculations-image-generator.vercel.app/api/og?category=Conversion&calculator=Pounds%20to%20Ounces%20Converter&formula=1%20lb%20%3D%2016%20oz%3B%20multiply%20pounds%20by%2016&example=2.5%20lbs%20x%2016%20%3D%2040%20oz%20%28small%20dumbbell%20weight%20in%20ounces%29","","",""
"done","Conversion","Ounces to Pounds Converter","1 lb = 16 oz; divide ounces by 16","48 oz / 16 = 3 lbs (large jar of peanut butter)","Got a package weight in ounces and need pounds? Divide by 16 for the clean pound equivalent. Try it free at calculations.tools","#ouncestopounds #unitconversion #cooking #shipping #measurement #math #calculator #calculationstools #quickmath #weightconversion","https://calculations-image-generator.vercel.app/api/og?category=Conversion&calculator=Ounces%20to%20Pounds%20Converter&formula=1%20lb%20%3D%2016%20oz%3B%20divide%20ounces%20by%2016&example=48%20oz%20/%2016%20%3D%203%20lbs%20%28large%20jar%20of%20peanut%20butter%29","","",""
"done","Conversion","Stone to Kilograms Converter","1 stone = 6.35029 kg; multiply stone by 6.35029","13 stone x 6.35029 = 82.55 kg","Familiar with your weight in stone but need kilograms for a medical appointment or fitness app? Multiply stone by 6.35029 for an instant metric result. Try it free at calculations.tools","#stonetokilograms #weightconverter #health #fitness #metric #imperial #UK #measurement #calculationstools #conversion","https://calculations-image-generator.vercel.app/api/og?category=Conversion&calculator=Stone%20to%20Kilograms%20Converter&formula=1%20stone%20%3D%206.35029%20kg%3B%20multiply%20stone%20by%206.35029&example=13%20stone%20x%206.35029%20%3D%2082.55%20kg","","",""
"done","Conversion","Kilograms to Stone Converter","kg to stone = kg / 6.35029","70 kg / 6.35029 = 11.02 stone","Need your weight in stone for a UK health record or app? Divide kilograms by 6.35029 for the stone equivalent. 70 kg is just over 11 stone. Try it free at calculations.tools","#kilogramstostone #weightconverter #UK #health #fitness #metric #imperial #measurement #calculationstools #conversion","https://calculations-image-generator.vercel.app/api/og?category=Conversion&calculator=Kilograms%20to%20Stone%20Converter&formula=kg%20to%20stone%20%3D%20kg%20/%206.35029&example=70%20kg%20/%206.35029%20%3D%2011.02%20stone","","",""
"done","Conversion","Stone to Pounds Converter","1 stone = 14 lbs; multiply stone by 14","11 stone x 14 = 154 lbs","Know your weight in stone and need pounds? Multiply by 14 for the exact pound equivalent. Simple and precise every time. Try it free at calculations.tools","#stonetopounds #weightconverter #UK #measurement #imperial #health #fitness #calculationstools #conversion #mathhacks","https://calculations-image-generator.vercel.app/api/og?category=Conversion&calculator=Stone%20to%20Pounds%20Converter&formula=1%20stone%20%3D%2014%20lbs%3B%20multiply%20stone%20by%2014&example=11%20stone%20x%2014%20%3D%20154%20lbs","","",""
"done","Conversion","Pounds to Stone Converter","1 stone = 14 lbs; divide pounds by 14","182 lbs / 14 = 13 stone exactly","Converting pounds to stone for a UK health form or fitness tracker? Divide by 14 for a clean result. Try it free at calculations.tools","#poundstostone #weightconverter #UK #measurement #imperial #health #fitness #calculationstools #conversion #mathhacks","https://calculations-image-generator.vercel.app/api/og?category=Conversion&calculator=Pounds%20to%20Stone%20Converter&formula=1%20stone%20%3D%2014%20lbs%3B%20divide%20pounds%20by%2014&example=182%20lbs%20/%2014%20%3D%2013%20stone%20exactly","","",""
"done","Conversion","Milligrams to Grams Converter","1 g = 1000 mg; divide milligrams by 1000","500 mg / 1000 = 0.5 g (standard vitamin C tablet dose)","Checking a supplement or medication label in milligrams and need grams? Divide by 1000. 500 mg equals exactly 0.5 g. Try it free at calculations.tools","#milligramstograms #health #supplements #pharmacymath #nutrition #chemistry #unitconversion #measurement #calculationstools #mathhelp","https://calculations-image-generator.vercel.app/api/og?category=Conversion&calculator=Milligrams%20to%20Grams%20Converter&formula=1%20g%20%3D%201000%20mg%3B%20divide%20milligrams%20by%201000&example=500%20mg%20/%201000%20%3D%200.5%20g%20%28standard%20vitamin%20C%20tablet%20dose%29","","",""
"done","Conversion","Grams to Milligrams Converter","1 g = 1000 mg; multiply grams by 1000","0.25 g x 1000 = 250 mg (common ibuprofen tablet dose)","Need to convert a gram amount to milligrams for a chemistry formula or supplement calculation? Just multiply by 1000. Try it free at calculations.tools","#gramstomilligrams #chemistry #pharmacymath #nutrition #baking #precision #unitconversion #math #calculator #calculationstools","https://calculations-image-generator.vercel.app/api/og?category=Conversion&calculator=Grams%20to%20Milligrams%20Converter&formula=1%20g%20%3D%201000%20mg%3B%20multiply%20grams%20by%201000&example=0.25%20g%20x%201000%20%3D%20250%20mg%20%28common%20ibuprofen%20tablet%20dose%29","","",""
"done","Finance","Salary to Hourly Calculator","Hourly rate = Annual salary / (52 weeks x hours per week)","$60,000 / (52 x 40) = $28.85 per hour","Ever wonder what your annual salary actually works out to per hour? Divide by your total work hours in a year to find your true hourly rate. Try it free at calculations.tools","#salarytohourly #finance #personalfinance #paycheck #salary #hrtools #jobsearch #budgeting #calculationstools #moneytips","https://calculations-image-generator.vercel.app/api/og?category=Finance&calculator=Salary%20to%20Hourly%20Calculator&formula=Hourly%20rate%20%3D%20Annual%20salary%20/%20%2852%20weeks%20x%20hours%20per%20week%29&example=%2460%2C000%20/%20%2852%20x%2040%29%20%3D%20%2428.85%20per%20hour","","",""
"done","Finance","Salary to Hourly Calculator","Freelance rate = (Annual expenses + desired income) / billable hours per year","($30,000 expenses + $70,000 income) / 1500 hours = $66.67/hour","Going freelance and unsure what rate to charge? Add your annual expenses and income target then divide by billable hours. That is your floor rate. Try it free at calculations.tools","#salarytohourly #freelance #contractor #pricing #selfemployed #businessmath #finance #moneytips #calculationstools #freelancetips","https://calculations-image-generator.vercel.app/api/og?category=Finance&calculator=Salary%20to%20Hourly%20Calculator&formula=Freelance%20rate%20%3D%20%28Annual%20expenses%20%2B%20desired%20income%29%20/%20billable%20hours%20per%20year&example=%28%2430%2C000%20expenses%20%2B%20%2470%2C000%20income%29%20/%201500%20hours%20%3D%20%2466.67/hour","","",""
"done","Finance","Annual Income Calculator","Annual income = Hourly rate x hours per week x 52","$22/hour x 40 hours x 52 weeks = $45,760 per year","Comparing two job offers with different hourly rates? Multiply the hourly rate by weekly hours and by 52 to find your full annual income. Try it free at calculations.tools","#annualincome #finance #salary #jobsearch #personalfinance #moneytips #budgeting #incomemath #calculationstools #paycalculator","https://calculations-image-generator.vercel.app/api/og?category=Finance&calculator=Annual%20Income%20Calculator&formula=Annual%20income%20%3D%20Hourly%20rate%20x%20hours%20per%20week%20x%2052&example=%2422/hour%20x%2040%20hours%20x%2052%20weeks%20%3D%20%2445%2C760%20per%20year","","",""
"done","Finance","Annual Income Calculator","Monthly gross = Annual salary / 12","$54,000 / 12 = $4,500 per month before tax","Know your annual salary but need the monthly figure for a budget or rent application? Divide by 12 for your gross monthly income. Try it free at calculations.tools","#annualincome #monthlysalary #finance #budgeting #personalfinance #rent #jobsearch #moneytips #calculationstools #incomemath","https://calculations-image-generator.vercel.app/api/og?category=Finance&calculator=Annual%20Income%20Calculator&formula=Monthly%20gross%20%3D%20Annual%20salary%20/%2012&example=%2454%2C000%20/%2012%20%3D%20%244%2C500%20per%20month%20before%20tax","","",""
"done","Finance","Overtime Calculator","Overtime pay = Regular hourly rate x 1.5 x overtime hours","$24/hour x 1.5 x 10 overtime hours = $360 extra pay","Know your exact time-and-a-half earnings before you put in those extra hours. Multiply your base rate by 1.5 then by overtime hours. Try it free at calculations.tools","#overtimecalculator #salary #finance #overtimepay #timeandahalf #work #paycheck #budgeting #calculationstools #hrmath","https://calculations-image-generator.vercel.app/api/og?category=Finance&calculator=Overtime%20Calculator&formula=Overtime%20pay%20%3D%20Regular%20hourly%20rate%20x%201.5%20x%20overtime%20hours&example=%2424/hour%20x%201.5%20x%2010%20overtime%20hours%20%3D%20%24360%20extra%20pay","","",""
"done","Finance","Overtime Calculator","Double time pay = Regular hourly rate x 2 x holiday hours","$20/hour x 2 x 6 holiday hours = $240 extra pay","Working a public holiday and entitled to double time? Multiply your base rate by 2 and then by the hours worked to see your bonus earnings instantly. Try it free at calculations.tools","#overtimecalculator #doubletime #salary #finance #holidaypay #paycheck #hrmath #work #calculationstools #moneytips","https://calculations-image-generator.vercel.app/api/og?category=Finance&calculator=Overtime%20Calculator&formula=Double%20time%20pay%20%3D%20Regular%20hourly%20rate%20x%202%20x%20holiday%20hours&example=%2420/hour%20x%202%20x%206%20holiday%20hours%20%3D%20%24240%20extra%20pay","","",""
"done","Finance","Pay Raise Calculator","New salary = Current salary x (1 + raise % / 100)","$55,000 x 1.07 = $58,850 after a 7% raise","Negotiating a raise and want to know the exact dollar increase? Multiply your current salary by one plus the raise percentage as a decimal. Try it free at calculations.tools","#payRaise #salary #finance #negotiation #personalfinance #careergrowth #moneytips #incomemath #calculationstools #careeradvice","https://calculations-image-generator.vercel.app/api/og?category=Finance&calculator=Pay%20Raise%20Calculator&formula=New%20salary%20%3D%20Current%20salary%20x%20%281%20%2B%20raise%20%25%20/%20100%29&example=%2455%2C000%20x%201.07%20%3D%20%2458%2C850%20after%20a%207%25%20raise","","",""
"done","Finance","Pay Raise Calculator","After-tax raise value = Raise amount x (1 - marginal tax rate)","$4,000 raise x (1 - 0.28) = $2,880 extra take-home per year","A raise looks great on paper but how much do you actually keep? Multiply the raise amount by one minus your marginal tax rate to find the real gain. Try it free at calculations.tools","#payRaise #aftertax #salary #taxes #personalfinance #incomemath #negotiations #careeradvice #calculationstools #moneytips","https://calculations-image-generator.vercel.app/api/og?category=Finance&calculator=Pay%20Raise%20Calculator&formula=After-tax%20raise%20value%20%3D%20Raise%20amount%20x%20%281%20-%20marginal%20tax%20rate%29&example=%244%2C000%20raise%20x%20%281%20-%200.28%29%20%3D%20%242%2C880%20extra%20take-home%20per%20year","","",""
"done","Finance","Google AdSense Calculator","Monthly revenue = Monthly page views x CTR x CPC","80,000 views x 2% CTR x $0.25 CPC = $400/month","Wondering how much your blog could earn from AdSense? Multiply monthly page views by click-through rate and cost per click to estimate your revenue. Try it free at calculations.tools","#adsense #blogging #monetization #passiveincome #contentcreation #digitalmarketing #adrevenue #blogger #calculationstools #makemoneyonline","https://calculations-image-generator.vercel.app/api/og?category=Finance&calculator=Google%20AdSense%20Calculator&formula=Monthly%20revenue%20%3D%20Monthly%20page%20views%20x%20CTR%20x%20CPC&example=80%2C000%20views%20x%202%25%20CTR%20x%20%240.25%20CPC%20%3D%20%24400/month","","",""
"done","Finance","Google AdSense Calculator","RPM = (Total estimated earnings / Total page views) x 1000","$200 earned on 80,000 views = $2.50 RPM","RPM is the most useful AdSense benchmark. Divide earnings by total page views then multiply by 1000. $200 on 80,000 views gives a $2.50 RPM. Try it free at calculations.tools","#adsense #rpm #blogging #passiveincome #digitalmarketing #pageviews #adrevenue #calculator #calculationstools #bloggingtips","https://calculations-image-generator.vercel.app/api/og?category=Finance&calculator=Google%20AdSense%20Calculator&formula=RPM%20%3D%20%28Total%20estimated%20earnings%20/%20Total%20page%20views%29%20x%201000&example=%24200%20earned%20on%2080%2C000%20views%20%3D%20%242.50%20RPM","","",""
"done","Tax","VAT Calculator","Gross price = Net price x (1 + VAT rate / 100)","$300 net x 1.20 = $360 gross at 20% VAT","Adding VAT to a quote or invoice? Multiply the net amount by one plus the VAT rate as a decimal. $300 net at 20% VAT becomes a $360 gross total. Try it free at calculations.tools","#vatcalculator #tax #finance #accounting #businessmath #taxmath #vat #smallbusiness #invoicing #calculationstools","https://calculations-image-generator.vercel.app/api/og?category=Tax&calculator=VAT%20Calculator&formula=Gross%20price%20%3D%20Net%20price%20x%20%281%20%2B%20VAT%20rate%20/%20100%29&example=%24300%20net%20x%201.20%20%3D%20%24360%20gross%20at%2020%25%20VAT","","",""
"done","Tax","VAT Calculator","Net price = Gross price / (1 + VAT rate / 100)","$240 gross / 1.20 = $200 net at 20% VAT","Need to strip VAT out of a total price? Divide the gross amount by one plus the VAT rate as a decimal. $240 at 20% VAT hides exactly $200 net. Try it free at calculations.tools","#vatcalculator #vatremoval #finance #accounting #businessmath #taxmath #vatreclaim #smallbusiness #invoicing #calculationstools","https://calculations-image-generator.vercel.app/api/og?category=Tax&calculator=VAT%20Calculator&formula=Net%20price%20%3D%20Gross%20price%20/%20%281%20%2B%20VAT%20rate%20/%20100%29&example=%24240%20gross%20/%201.20%20%3D%20%24200%20net%20at%2020%25%20VAT","","",""
"done","Tax","VAT Calculator","VAT amount = Net price x VAT rate / 100","$500 net x 0.19 = $95 VAT at 19% German rate","Building a client invoice and need to show the VAT line item separately? Multiply net by the VAT rate to isolate the tax component. Try it free at calculations.tools","#vatcalculator #invoicing #freelance #smallbusiness #accounting #taxmath #vat #selfemployed #europe #calculationstools","https://calculations-image-generator.vercel.app/api/og?category=Tax&calculator=VAT%20Calculator&formula=VAT%20amount%20%3D%20Net%20price%20x%20VAT%20rate%20/%20100&example=%24500%20net%20x%200.19%20%3D%20%2495%20VAT%20at%2019%25%20German%20rate","","",""
"done","Tax","GST Calculator","Price including GST = Net price x (1 + GST rate / 100)","AU$90 net x 1.10 = AU$99 including 10% Australian GST","Running a business in Australia and need to add GST to a quote? Multiply your net price by 1.10 to get the GST-inclusive total instantly. Try it free at calculations.tools","#gstcalculator #australia #tax #businessmath #accounting #smallbusiness #invoicing #aussie #calculationstools #taxmath","https://calculations-image-generator.vercel.app/api/og?category=Tax&calculator=GST%20Calculator&formula=Price%20including%20GST%20%3D%20Net%20price%20x%20%281%20%2B%20GST%20rate%20/%20100%29&example=AU%2490%20net%20x%201.10%20%3D%20AU%2499%20including%2010%25%20Australian%20GST","","",""
"done","Tax","GST Calculator","GST component in a gross price = Gross price / 11 (for 10% GST)","AU$110 / 11 = AU$10 GST already included","In Australia you can find the GST hidden in any price by dividing the gross total by 11. That figure is the exact tax component included. Try it free at calculations.tools","#gstcalculator #australia #taxmath #accountingtools #businessmath #smallbusiness #gst #australiabusiness #calculationstools #finance","https://calculations-image-generator.vercel.app/api/og?category=Tax&calculator=GST%20Calculator&formula=GST%20component%20in%20a%20gross%20price%20%3D%20Gross%20price%20/%2011%20%28for%2010%25%20GST%29&example=AU%24110%20/%2011%20%3D%20AU%2410%20GST%20already%20included","","",""
"done","Tax","Sales Tax Calculator","Total price = Pre-tax price x (1 + sales tax rate / 100)","$80 item in Texas (6.25% rate) = $80 x 1.0625 = $85 total","Shopping in the US and want to know the final price before checkout? Multiply the item price by one plus the state tax rate. $80 in Texas at 6.25% becomes $85. Try it free at calculations.tools","#salestax #taxcalculator #shopping #finance #usatax #math #calculator #budgeting #calculationstools #retail","https://calculations-image-generator.vercel.app/api/og?category=Tax&calculator=Sales%20Tax%20Calculator&formula=Total%20price%20%3D%20Pre-tax%20price%20x%20%281%20%2B%20sales%20tax%20rate%20/%20100%29&example=%2480%20item%20in%20Texas%20%286.25%25%20rate%29%20%3D%20%2480%20x%201.0625%20%3D%20%2485%20total","","",""
"done","Tax","Sales Tax Calculator","Sales tax amount = Item price x (state tax rate / 100)","$150 item at 8.875% NYC rate = $13.31 in tax","Wondering how much sales tax you owe on a purchase? Multiply the item price by the state tax rate as a decimal. In New York City at 8.875% a $150 item adds $13.31 in tax. Try it free at calculations.tools","#salestax #newyork #taxcalculator #onlineshopping #finance #usa #ecommerce #math #calculator #calculationstools","https://calculations-image-generator.vercel.app/api/og?category=Tax&calculator=Sales%20Tax%20Calculator&formula=Sales%20tax%20amount%20%3D%20Item%20price%20x%20%28state%20tax%20rate%20/%20100%29&example=%24150%20item%20at%208.875%25%20NYC%20rate%20%3D%20%2413.31%20in%20tax","","",""
"done","Tax","Income Tax Calculator","Effective tax rate = Total income tax paid / Gross income x 100","$18,000 tax on $90,000 income = 20% effective rate","Your marginal rate and effective rate are not the same. Divide total tax paid by gross income to find your true effective rate. $18,000 on $90,000 is a 20% effective rate. Try it free at calculations.tools","#incometaxcalculator #taxes #taxplanning #finance #personalfinance #effectivetaxrate #usa #marginalrate #calculationstools #moneytips","https://calculations-image-generator.vercel.app/api/og?category=Tax&calculator=Income%20Tax%20Calculator&formula=Effective%20tax%20rate%20%3D%20Total%20income%20tax%20paid%20/%20Gross%20income%20x%20100&example=%2418%2C000%20tax%20on%20%2490%2C000%20income%20%3D%2020%25%20effective%20rate","","",""
"done","Tax","Income Tax Calculator","Tax bracket: only income within each bracket is taxed at that rate (not the full income)","Earning $50,000 in the US: first $11,600 taxed at 10%, next $35,550 at 12%, and so on","Confused by the US progressive tax system? Each bracket only applies to the income within that range, not your entire salary. Our calculator shows the full breakdown. Try it free at calculations.tools","#incometaxcalculator #taxbrackets #progressivetax #usa #taxes #finance #personalfinance #taxplanning #calculationstools #moneytips","https://calculations-image-generator.vercel.app/api/og?category=Tax&calculator=Income%20Tax%20Calculator&formula=Tax%20bracket%3A%20only%20income%20within%20each%20bracket%20is%20taxed%20at%20that%20rate%20%28not%20the%20full%20income%29&example=Earning%20%2450%2C000%20in%20the%20US%3A%20first%20%2411%2C600%20taxed%20at%2010%25%2C%20next%20%2435%2C550%20at%2012%25%2C%20and%20so%20on","","",""
"done","Compare","Text Diff Checker","Compare two texts line by line and highlight every addition and deletion","""Hello world"" vs ""Hello there"" shows ""world"" removed and ""there"" added","Spot every edit between two text versions in seconds. Our diff tool highlights exactly what changed so you never miss a modification. Try it free at calculations.tools","#textdiff #codetools #developer #writing #editingtools #versioncontrol #productivity #textcomparison #calculationstools #techtools","https://calculations-image-generator.vercel.app/api/og?category=Compare&calculator=Text%20Diff%20Checker&formula=Compare%20two%20texts%20line%20by%20line%20and%20highlight%20every%20addition%20and%20deletion&example=%22Hello%20world%22%20vs%20%22Hello%20there%22%20shows%20%22world%22%20removed%20and%20%22there%22%20added","","",""
"done","Compare","Compare Excel Files","Upload two Excel files and highlight every cell that differs across all sheets","Compare two monthly budget spreadsheets to instantly find updated figures","Have two Excel files and need to find every number that changed? Upload both and let our tool highlight differences across all sheets in seconds. Try it free at calculations.tools","#exceldiff #excel #spreadsheet #dataanalysis #productivity #officetools #accounting #businessmath #calculationstools #techtools","https://calculations-image-generator.vercel.app/api/og?category=Compare&calculator=Compare%20Excel%20Files&formula=Upload%20two%20Excel%20files%20and%20highlight%20every%20cell%20that%20differs%20across%20all%20sheets&example=Compare%20two%20monthly%20budget%20spreadsheets%20to%20instantly%20find%20updated%20figures","","",""
"done","Compare","Compare CSV Files","Compare two CSV exports row by row and flag every mismatched value","Find every changed row between last month and this month's data export","Need to find differences between two data exports? Upload your CSV files and spot every changed row instantly with no extra software. Try it free at calculations.tools","#csvdiff #csv #dataanalysis #developer #productivity #datascience #dataengineering #automation #calculationstools #techtools","https://calculations-image-generator.vercel.app/api/og?category=Compare&calculator=Compare%20CSV%20Files&formula=Compare%20two%20CSV%20exports%20row%20by%20row%20and%20flag%20every%20mismatched%20value&example=Find%20every%20changed%20row%20between%20last%20month%20and%20this%20month%27s%20data%20export","","",""
"done","Compare","Compare PDF Files","Extract text from two PDF documents and diff them paragraph by paragraph","Compare two contract drafts to find every edited clause without reading both","Contracts evolve through multiple drafts. Upload two PDF versions and see every changed sentence highlighted side by side. Try it free at calculations.tools","#pdfdiff #pdfcompare #contracts #legal #documents #productivity #techtools #filecomparison #calculationstools #officetools","https://calculations-image-generator.vercel.app/api/og?category=Compare&calculator=Compare%20PDF%20Files&formula=Extract%20text%20from%20two%20PDF%20documents%20and%20diff%20them%20paragraph%20by%20paragraph&example=Compare%20two%20contract%20drafts%20to%20find%20every%20edited%20clause%20without%20reading%20both","","",""
"done","Compare","Compare Code Online","Diff algorithm identifies inserted, deleted, and modified lines between two code files","Compare two versions of a function to pinpoint exactly which lines introduced a bug","Debugging a regression? Compare two code versions side by side to see exactly which lines changed. Supports JavaScript, Python, CSS, and HTML. Try it free at calculations.tools","#codediff #programming #developer #debugging #versioncontrol #codeReview #git #python #javascript #calculationstools","https://calculations-image-generator.vercel.app/api/og?category=Compare&calculator=Compare%20Code%20Online&formula=Diff%20algorithm%20identifies%20inserted%2C%20deleted%2C%20and%20modified%20lines%20between%20two%20code%20files&example=Compare%20two%20versions%20of%20a%20function%20to%20pinpoint%20exactly%20which%20lines%20introduced%20a%20bug","","",""
"done","Compare","Compare Word Documents","Compare two DOCX files and highlight every added, removed, or changed sentence","Compare two report drafts and see all edits without enabling track-changes","Collaborating on a report and need to see what changed between drafts? Upload both DOCX files for a full side-by-side diff without needing a Word subscription. Try it free at calculations.tools","#documentcompare #worddiff #writing #collaboration #productivity #officetools #wordprocessing #filecomparison #calculationstools #techtools","https://calculations-image-generator.vercel.app/api/og?category=Compare&calculator=Compare%20Word%20Documents&formula=Compare%20two%20DOCX%20files%20and%20highlight%20every%20added%2C%20removed%2C%20or%20changed%20sentence&example=Compare%20two%20report%20drafts%20and%20see%20all%20edits%20without%20enabling%20track-changes","","",""
"done","Compare","Compare HTML Files","Compare two HTML files line by line to surface tag and attribute changes","Compare landing page versions to see which elements or styles were added or removed","Updated your website and want to verify exactly what HTML changed between deploys? Upload both files and get a highlighted diff in seconds. Try it free at calculations.tools","#htmldiff #webdev #frontend #html #coding #developer #versioncontrol #webdesign #calculationstools #techtools","https://calculations-image-generator.vercel.app/api/og?category=Compare&calculator=Compare%20HTML%20Files&formula=Compare%20two%20HTML%20files%20line%20by%20line%20to%20surface%20tag%20and%20attribute%20changes&example=Compare%20landing%20page%20versions%20to%20see%20which%20elements%20or%20styles%20were%20added%20or%20removed","","",""
"done","Compare","Compare Google Sheets","Export Google Sheets as CSV then compare row by row to find every changed value","Export two budget sheet versions and instantly see which cells were updated","Need to compare two versions of a Google Sheet? Export both as CSV and upload them to see every change highlighted. No plugins or add-ons needed. Try it free at calculations.tools","#googlesheets #csvdiff #spreadsheet #dataanalysis #productivity #googleworkspace #data #officetools #calculationstools #techtools","https://calculations-image-generator.vercel.app/api/og?category=Compare&calculator=Compare%20Google%20Sheets&formula=Export%20Google%20Sheets%20as%20CSV%20then%20compare%20row%20by%20row%20to%20find%20every%20changed%20value&example=Export%20two%20budget%20sheet%20versions%20and%20instantly%20see%20which%20cells%20were%20updated","","",""
"done","Math","Fraction Calculator","Supports all operations: add, subtract, multiply, divide, simplify, compare fractions","2/3 + 3/4 = 8/12 + 9/12 = 17/12 = 1 and 5/12","Adding, subtracting, multiplying, or dividing fractions? Our Fraction Calculator handles all operations and automatically simplifies the result. Try it free at calculations.tools","#fractioncalculator #math #fractions #mathhacks #mathhelp #education #algebra #studygram #calculationstools #mathproblems","https://calculations-image-generator.vercel.app/api/og?category=Math&calculator=Fraction%20Calculator&formula=Supports%20all%20operations%3A%20add%2C%20subtract%2C%20multiply%2C%20divide%2C%20simplify%2C%20compare%20fractions&example=2/3%20%2B%203/4%20%3D%208/12%20%2B%209/12%20%3D%2017/12%20%3D%201%20and%205/12","","",""
"done","Math","Proportion Calculator","Scale ingredient = Original amount x (desired servings / original servings)","Recipe serves 4, scaled to 10: multiply each ingredient by 2.5","Scaling a recipe for a larger gathering? Divide the desired serving count by the original and multiply every ingredient. Never under-prepare for a dinner party again. Try it free at calculations.tools","#proportioncalculator #cooking #recipes #mealprep #foodmath #kitchenmath #cheflife #mathhacks #calculationstools #math","https://calculations-image-generator.vercel.app/api/og?category=Math&calculator=Proportion%20Calculator&formula=Scale%20ingredient%20%3D%20Original%20amount%20x%20%28desired%20servings%20/%20original%20servings%29&example=Recipe%20serves%204%2C%20scaled%20to%2010%3A%20multiply%20each%20ingredient%20by%202.5","","",""
"done","Math","Percentage Calculator","Tip amount = Bill total x tip rate / 100","$75 restaurant bill x 18% = $13.50 tip / $88.50 total","No more fumbling for the right tip at dinner. Multiply your bill by the tip percentage you want and divide by 100. $75 at 18% is exactly $13.50. Try it free at calculations.tools","#tipcalculator #restaurants #dining #math #calculator #percentagecalculator #mathhacks #quickmath #moneytips #calculationstools","https://calculations-image-generator.vercel.app/api/og?category=Math&calculator=Percentage%20Calculator&formula=Tip%20amount%20%3D%20Bill%20total%20x%20tip%20rate%20/%20100&example=%2475%20restaurant%20bill%20x%2018%25%20%3D%20%2413.50%20tip%20/%20%2488.50%20total","","",""
"done","Math","Percentage Calculator","Percentage = (Part / Whole) x 100","42 out of 60 questions correct = (42/60) x 100 = 70%","Got a score and want the percentage? Divide the part by the whole and multiply by 100. 42 out of 60 is exactly 70%. Try it free at calculations.tools","#percentagecalculator #math #mathhacks #testscores #gradecalculator #education #mathhelp #quickmath #calculationstools #studytips","https://calculations-image-generator.vercel.app/api/og?category=Math&calculator=Percentage%20Calculator&formula=Percentage%20%3D%20%28Part%20/%20Whole%29%20x%20100&example=42%20out%20of%2060%20questions%20correct%20%3D%20%2842/60%29%20x%20100%20%3D%2070%25","","",""
"done","Math","Percentage Calculator","Original value = Final value / (1 - discount rate)","$64 after 20% off: $64 / 0.80 = $80 original price","Spotted a sale price and curious what the original was? Divide the discounted price by one minus the discount rate to work backwards. $64 at 20% off came from $80. Try it free at calculations.tools","#percentagecalculator #reversepercentage #shoppingmath #math #mathhacks #discount #smartshopping #bargainhunting #calculationstools #quickmath","https://calculations-image-generator.vercel.app/api/og?category=Math&calculator=Percentage%20Calculator&formula=Original%20value%20%3D%20Final%20value%20/%20%281%20-%20discount%20rate%29&example=%2464%20after%2020%25%20off%3A%20%2464%20/%200.80%20%3D%20%2480%20original%20price","","",""
"done","Math","Discount Calculator","Final price after two stacked discounts = Price x (1 - D1/100) x (1 - D2/100)","$150 with 25% off then 10% coupon = $150 x 0.75 x 0.90 = $101.25","Sale says 25% off and you have a 10% coupon? You cannot just add the discounts. Multiply by each factor in turn. $150 becomes $101.25 after both. Try it free at calculations.tools","#discountcalculator #shoppingmath #savemoney #deals #coupons #percentagecalculator #mathhacks #smartshopping #calculationstools #finance","https://calculations-image-generator.vercel.app/api/og?category=Math&calculator=Discount%20Calculator&formula=Final%20price%20after%20two%20stacked%20discounts%20%3D%20Price%20x%20%281%20-%20D1/100%29%20x%20%281%20-%20D2/100%29&example=%24150%20with%2025%25%20off%20then%2010%25%20coupon%20%3D%20%24150%20x%200.75%20x%200.90%20%3D%20%24101.25","","",""
"done","Finance","Compound Interest Calculator","Monthly compounding: A = P(1 + r/12)^(12t)","$5,000 at 6% compounded monthly for 5 years = $6,744.25","Monthly compounding is more powerful than annual. At 6% monthly compound, $5,000 grows to $6,744 in 5 years versus $6,691 with annual compounding. The difference adds up fast. Try it free at calculations.tools","#compoundinterest #investing #savings #finance #wealthbuilding #moneytips #personalfinance #math #calculator #calculationstools","https://calculations-image-generator.vercel.app/api/og?category=Finance&calculator=Compound%20Interest%20Calculator&formula=Monthly%20compounding%3A%20A%20%3D%20P%281%20%2B%20r/12%29%5E%2812t%29&example=%245%2C000%20at%206%25%20compounded%20monthly%20for%205%20years%20%3D%20%246%2C744.25","","",""
"done","Health","BMI Calculator","BMI categories: <18.5 underweight / 18.5-24.9 normal / 25-29.9 overweight / 30+ obese","100 kg at 1.75 m: 100 / 3.0625 = 32.7 BMI (Obese Class I)","Understanding your BMI category helps put the number in context. A BMI above 30 is Class I obesity, above 35 is Class II, and above 40 is Class III. Calculate yours instantly. Try it free at calculations.tools","#BMIcalculator #healthmath #BMI #obesity #health #wellness #bodycomposition #weightmanagement #calculationstools #healthdata","https://calculations-image-generator.vercel.app/api/og?category=Health&calculator=BMI%20Calculator&formula=BMI%20categories%3A%20%3C18.5%20underweight%20/%2018.5-24.9%20normal%20/%2025-29.9%20overweight%20/%2030%2B%20obese&example=100%20kg%20at%201.75%20m%3A%20100%20/%203.0625%20%3D%2032.7%20BMI%20%28Obese%20Class%20I%29","","",""
"done","Health","BMI Calculator","Waist-to-Height ratio = waist circumference / height (keep below 0.5 for good health)","Waist 80 cm / Height 175 cm = 0.457 (within healthy range)","BMI alone does not capture abdominal fat. Divide your waist circumference by your height and keep the result below 0.5 for the best health outcome. Try it free at calculations.tools","#BMIcalculator #healthmath #waisttoheight #bodycomposition #fitness #health #wellness #calculationstools #abdominalfat #healthdata","https://calculations-image-generator.vercel.app/api/og?category=Health&calculator=BMI%20Calculator&formula=Waist-to-Height%20ratio%20%3D%20waist%20circumference%20/%20height%20%28keep%20below%200.5%20for%20good%20health%29&example=Waist%2080%20cm%20/%20Height%20175%20cm%20%3D%200.457%20%28within%20healthy%20range%29","","",""
"done","Health","BMR Calculator","TDEE = BMR x activity multiplier (1.2 sedentary to 1.9 very active)","BMR 1,750 x 1.55 moderate activity = 2,713 calories per day needed","Your BMR tells you calories at rest. Multiply by your activity level to get your Total Daily Energy Expenditure and know exactly how much you need to maintain your weight. Try it free at calculations.tools","#BMRcalculator #TDEE #nutrition #fitness #caloriecounting #metabolism #healthmath #weightloss #calculationstools #healthgoals","https://calculations-image-generator.vercel.app/api/og?category=Health&calculator=BMR%20Calculator&formula=TDEE%20%3D%20BMR%20x%20activity%20multiplier%20%281.2%20sedentary%20to%201.9%20very%20active%29&example=BMR%201%2C750%20x%201.55%20moderate%20activity%20%3D%202%2C713%20calories%20per%20day%20needed","","",""
"done","Health","Target Heart Rate Calculator","Zone 2 training = 60-70% of max HR; max HR = 220 - age","Age 40: max HR = 180; Zone 2 range = 108-126 bpm","Zone 2 training builds aerobic base and burns fat efficiently. Find your zone by calculating 60-70% of your max heart rate. For a 40-year-old that is 108-126 bpm. Try it free at calculations.tools","#targetheartrate #zone2 #zone2training #cardio #fitness #heartrate #aerobictraining #healthmath #calculationstools #runningmath","https://calculations-image-generator.vercel.app/api/og?category=Health&calculator=Target%20Heart%20Rate%20Calculator&formula=Zone%202%20training%20%3D%2060-70%25%20of%20max%20HR%3B%20max%20HR%20%3D%20220%20-%20age&example=Age%2040%3A%20max%20HR%20%3D%20180%3B%20Zone%202%20range%20%3D%20108-126%20bpm","","",""
"done","Health","Target Heart Rate Calculator","VO2 max zone = 85-95% of max HR; max HR = 220 - age","Age 28: max HR = 192; VO2 max zone = 163-182 bpm","Training for a race and want to push your aerobic ceiling? Target the VO2 max zone at 85-95% of your max heart rate. For a 28-year-old that is 163-182 bpm. Try it free at calculations.tools","#targetheartrate #VO2max #running #triathlon #HIIT #heartratetraining #fitness #cardio #calculationstools #athletemath","https://calculations-image-generator.vercel.app/api/og?category=Health&calculator=Target%20Heart%20Rate%20Calculator&formula=VO2%20max%20zone%20%3D%2085-95%25%20of%20max%20HR%3B%20max%20HR%20%3D%20220%20-%20age&example=Age%2028%3A%20max%20HR%20%3D%20192%3B%20VO2%20max%20zone%20%3D%20163-182%20bpm","","",""
"done","Health","Body Fat Calculator","Women body fat % (Navy) = 163.205 x log(waist+hip-neck) - 97.684 x log(height) - 78.387","Waist 72 cm, hip 97 cm, neck 33 cm, height 163 cm = approx 27% body fat","Curious about body fat percentage without a scale? The Navy tape method for women uses waist, hip, neck, and height measurements for a no-equipment estimate. Try it free at calculations.tools","#bodyfatcalculator #womenhealth #bodyfat #fitnesswomen #healthmath #bodycomposition #wellnesswomen #measurements #calculationstools #healthgoals","https://calculations-image-generator.vercel.app/api/og?category=Health&calculator=Body%20Fat%20Calculator&formula=Women%20body%20fat%20%25%20%28Navy%29%20%3D%20163.205%20x%20log%28waist%2Bhip-neck%29%20-%2097.684%20x%20log%28height%29%20-%2078.387&example=Waist%2072%20cm%2C%20hip%2097%20cm%2C%20neck%2033%20cm%2C%20height%20163%20cm%20%3D%20approx%2027%25%20body%20fat","","",""
"done","Health","FFMI Calculator","FFMI = Lean body mass (kg) / height squared (m squared); drug-free natural ceiling is approx 25","LBM 80 kg at 1.83 m: 80 / 3.3489 = 23.9 FFMI (within natural range)","The FFMI natural limit is widely cited at 25 for men. Divide your lean body mass by height squared to see where you stand relative to your genetic ceiling. Try it free at calculations.tools","#FFMIcalculator #bodybuilding #muscle #naturalfitness #gym #healthmath #leanmass #bodycomposition #calculationstools #strengthtraining","https://calculations-image-generator.vercel.app/api/og?category=Health&calculator=FFMI%20Calculator&formula=FFMI%20%3D%20Lean%20body%20mass%20%28kg%29%20/%20height%20squared%20%28m%20squared%29%3B%20drug-free%20natural%20ceiling%20is%20approx%2025&example=LBM%2080%20kg%20at%201.83%20m%3A%2080%20/%203.3489%20%3D%2023.9%20FFMI%20%28within%20natural%20range%29","","",""
"done","Health","Lean Body Mass Calculator","LBM for women (Boer formula) = 0.252 x weight kg + 0.473 x height cm - 48.3","60 kg and 165 cm: 0.252 x 60 + 0.473 x 165 - 48.3 = 43.9 kg LBM","Calculating lean body mass for women uses a different formula than for men. The Boer equation adjusts for sex differences in body composition. Try it free at calculations.tools","#leanbodymass #womenhealth #bodycomposition #fitnessmath #healthmetrics #LBM #wellnessdata #calculationstools #healthcalculator #fitnesswomen","https://calculations-image-generator.vercel.app/api/og?category=Health&calculator=Lean%20Body%20Mass%20Calculator&formula=LBM%20for%20women%20%28Boer%20formula%29%20%3D%200.252%20x%20weight%20kg%20%2B%200.473%20x%20height%20cm%20-%2048.3&example=60%20kg%20and%20165%20cm%3A%200.252%20x%2060%20%2B%200.473%20x%20165%20-%2048.3%20%3D%2043.9%20kg%20LBM","","",""
"done","Health","Ideal Weight Calculator","Ideal Body Weight for women (Devine formula) = 45.5 + 2.3 x (height in inches - 60)","165 cm (65 in): 45.5 + 2.3 x 5 = 57 kg ideal body weight","The Devine formula for women estimates ideal body weight using height above 5 feet. At 165 cm the formula gives 57 kg as the clinical baseline. Try it free at calculations.tools","#idealweight #IBW #healthmath #womenhealth #wellness #weightgoals #devineformula #nutrition #calculationstools #healthcalculator","https://calculations-image-generator.vercel.app/api/og?category=Health&calculator=Ideal%20Weight%20Calculator&formula=Ideal%20Body%20Weight%20for%20women%20%28Devine%20formula%29%20%3D%2045.5%20%2B%202.3%20x%20%28height%20in%20inches%20-%2060%29&example=165%20cm%20%2865%20in%29%3A%2045.5%20%2B%202.3%20x%205%20%3D%2057%20kg%20ideal%20body%20weight","","",""
"done","Finance","Compound Annual Growth Rate","CAGR = (Ending value / Beginning value)^(1/years) - 1","SaaS ARR grew from $1M to $4M in 2 years: (4/1)^(1/2) - 1 = 100% CAGR","How fast is your startup actually growing year over year? CAGR smooths out monthly spikes into a single annual rate. Going from $1M to $4M ARR in 2 years is exactly 100% CAGR. Try it free at calculations.tools","#cagr #startupgrowth #finance #investing #saas #arr #businessmath #growthrate #calculationstools #startupfinance","https://calculations-image-generator.vercel.app/api/og?category=Finance&calculator=Compound%20Annual%20Growth%20Rate&formula=CAGR%20%3D%20%28Ending%20value%20/%20Beginning%20value%29%5E%281/years%29%20-%201&example=SaaS%20ARR%20grew%20from%20%241M%20to%20%244M%20in%202%20years%3A%20%284/1%29%5E%281/2%29%20-%201%20%3D%20100%25%20CAGR","","",""
"done","Finance","P/E Ratio Calculator","Earnings yield = (EPS / Stock price) x 100 = (1 / P/E) x 100","P/E of 25 = earnings yield of 4%; compare to 10-year bond yield to assess value","The earnings yield is the inverse of the P/E ratio. A stock at 25x P/E offers a 4% earnings yield. Compare that to bond yields to decide if the premium is justified. Try it free at calculations.tools","#peratio #earningsyield #investing #stocks #stockmarket #finance #financialliteracy #fundamentalanalysis #calculationstools #investingtips","https://calculations-image-generator.vercel.app/api/og?category=Finance&calculator=P/E%20Ratio%20Calculator&formula=Earnings%20yield%20%3D%20%28EPS%20/%20Stock%20price%29%20x%20100%20%3D%20%281%20/%20P/E%29%20x%20100&example=P/E%20of%2025%20%3D%20earnings%20yield%20of%204%25%3B%20compare%20to%2010-year%20bond%20yield%20to%20assess%20value","","",""
"done","Finance","Enterprise Value Calculator","EV/Revenue multiple = Enterprise Value / Annual Revenue","EV $150M / Revenue $30M = 5x EV/Revenue (typical SaaS valuation range)","For high-growth companies without profit, EV/Revenue is the standard valuation multiple. Divide enterprise value by annual revenue to compare startups on equal footing. Try it free at calculations.tools","#enterprisevalue #evRevenue #valuation #startups #investing #venturecapital #finance #businessmath #calculationstools #startupfinance","https://calculations-image-generator.vercel.app/api/og?category=Finance&calculator=Enterprise%20Value%20Calculator&formula=EV/Revenue%20multiple%20%3D%20Enterprise%20Value%20/%20Annual%20Revenue&example=EV%20%24150M%20/%20Revenue%20%2430M%20%3D%205x%20EV/Revenue%20%28typical%20SaaS%20valuation%20range%29","","",""
"done","Conversion","Word Counter","Keyword density = (Keyword count / Total word count) x 100","A keyword appears 8 times in 400 words = 2% keyword density","Checking keyword density for SEO? Divide keyword occurrences by your total word count and multiply by 100. Aim for 1-2% to avoid over-optimization. Try it free at calculations.tools","#wordcounter #seo #contentmarketing #keywords #blogging #seotools #contentwriting #digitalmarketing #calculationstools #seotips","https://calculations-image-generator.vercel.app/api/og?category=Conversion&calculator=Word%20Counter&formula=Keyword%20density%20%3D%20%28Keyword%20count%20/%20Total%20word%20count%29%20x%20100&example=A%20keyword%20appears%208%20times%20in%20400%20words%20%3D%202%25%20keyword%20density","","",""
"done","Conversion","Currency Converter","Travel budget in local currency = home currency amount x destination exchange rate","1000 USD x 0.93 EUR rate = 930 EUR spending budget in Europe","Planning your travel budget? Multiply your home currency by the live exchange rate to know exactly how much local currency you will have to spend. Try it free at calculations.tools","#currencyconverter #travelbudget #forex #travel #vacation #money #finance #conversion #calculationstools #traveltips","https://calculations-image-generator.vercel.app/api/og?category=Conversion&calculator=Currency%20Converter&formula=Travel%20budget%20in%20local%20currency%20%3D%20home%20currency%20amount%20x%20destination%20exchange%20rate&example=1000%20USD%20x%200.93%20EUR%20rate%20%3D%20930%20EUR%20spending%20budget%20in%20Europe","","",""
